Age,Abies,Cupressaceae,Larix,Picea,Pinus,Alnus,Betula,Populus,Quercus,Salix,Ulmus,Ambrosia,Artemisia,Asteraceae,Chenopodium,Cyperaceae,Poaceae,Aquatics
-62,1.418909387,0.710853359,1.248406462,12.67631754,56.01429957,3.228284346,11.6617528,0.385694087,1.374822889,0.526785099,0.294369886,1.237380414,1.713570485,0.558143847,0.990299908,0.466819646,1.461327937,1.020427672
-12,1.0915099,0.910172711,1.150752119,10.69357374,58.49501383,3.325533195,12.13689679,0.404560896,1.248915951,0.460597965,0.21667032,1.421740468,1.860857627,0.512154445,0.809466528,0.570740398,1.794305096,0.886848714
38,0.918815873,1.134484548,1.276717035,10.07393365,58.4055133,3.676746884,12.33074555,0.41861117,1.344748764,0.416004301,0.242350521,1.379021441,2.072084067,0.465576806,0.835986912,0.597897261,1.947974869,0.796409736
88,0.85830859,1.341424557,1.26632146,10.16513156,57.81844018,4.015002106,12.80455356,0.442722501,1.45493937,0.39134307,0.263383911,1.234501718,2.163943455,0.418939109,0.820547379,0.607057008,1.8889177,0.745792277
138,0.880739261,1.322316291,1.28055601,10.13023779,56.98116504,4.638059535,13.32741407,0.447987549,1.622683103,0.366681838,0.223629097,1.053186553,2.190147817,0.328324544,0.845049932,0.627257492,1.743873695,0.695174819
188,0.987759533,1.050772934,1.352260853,9.789217423,55.40270656,6.030881359,14.37732325,0.409277935,1.87946346,0.342020607,0.04203514,0.844372082,2.121513793,0.135097287,0.937219715,0.673219697,1.550288698,0.64455736
238,1.148041867,0.892564288,1.2351673,10.24002588,55.60163341,5.841065116,13.99057975,0.399611035,1.864939561,0.334958712,0.046382189,0.76915847,1.935255096,0.108532915,0.909130572,0.689842342,1.679930191,0.625555601
288,1.339211446,0.7687898,1.146462219,10.81894436,56.25357553,5.278713709,13.14044794,0.375018064,1.773823247,0.342888845,0.100314967,0.714924616,1.741205997,0.108668184,0.883681072,0.677745998,1.940103946,0.633485734
338,1.530381025,0.645015312,1.057757138,11.39786283,56.90551765,4.716362303,12.29031613,0.350425092,1.682706933,0.350818978,0.154247745,0.660690762,1.547156898,0.108803453,0.858231572,0.665649653,2.200277701,0.641415867
388,1.660115104,0.543533672,1.005141762,11.30193004,57.38111624,4.663773882,11.95544908,0.352489616,1.656403491,0.358749111,0.180677933,0.610821555,1.488522697,0.1572479,0.891947968,0.685216614,2.137006575,0.649346
438,1.772521221,0.448339758,0.962705532,11.01565457,57.80697692,4.754964763,11.76591312,0.36207292,1.648380602,0.366679244,0.19935098,0.562183402,1.468082442,0.219318014,0.942352181,0.713714251,1.982507405,0.657276132
488,1.884927339,0.353145845,0.920269302,10.72937911,58.23283759,4.846155645,11.57637717,0.371656224,1.640357713,0.374609377,0.218024027,0.51354525,1.447642187,0.281388127,0.992756393,0.742211888,1.828008235,0.665206265
538,1.898210776,0.36502816,0.877833072,10.40225739,58.44541728,4.990449222,11.54352555,0.381239529,1.645574582,0.38253951,0.236697074,0.504296359,1.452878869,0.34345824,0.995932323,0.770709525,1.712898621,0.673136398
588,1.785338077,0.513189313,0.835396842,10.02314952,58.38654844,5.202328048,11.71009036,0.390822833,1.667642053,0.390469643,0.255370121,0.545179257,1.49079529,0.405528354,0.938999527,0.799207162,1.647921168,0.681066531
638,1.672465377,0.661350465,0.792960612,9.644041657,58.32767961,5.414206874,11.87665517,0.400406137,1.689709523,0.398399776,0.274043168,0.586062154,1.528711711,0.467598467,0.882066731,0.827704799,1.582943716,0.688996664
688,1.463398285,0.826465512,0.859993765,9.864104679,58.16746812,5.281547453,11.72375325,0.38497584,1.787912672,0.406329909,0.312721637,0.568023664,1.492873999,0.464548239,0.812161946,0.795420293,1.724289331,0.696926797
738,1.230282594,0.995819032,0.954394263,10.23396042,57.98192096,5.062753469,11.49098464,0.363292143,1.905149741,0.414260042,0.356401461,0.535254825,1.438597755,0.445217926,0.739014164,0.747940252,1.917215714,0.70485693
788,0.997166904,1.165172552,1.04879476,10.60381617,57.7963738,4.843959486,11.25821604,0.341608447,2.02238681,0.422190174,0.400081284,0.502485987,1.384321511,0.425887613,0.665866382,0.70046021,2.110142097,0.712787063
838,0.764051214,1.334526072,1.143195258,10.97367191,57.61082664,4.625165502,11.02544743,0.31992475,2.139623879,0.430120307,0.443761108,0.469717149,1.330045266,0.4065573,0.5927186,0.652980168,2.30306848,0.720717196
888,0.583858446,1.486033092,1.197273063,11.04290646,57.61941477,4.540201579,10.92175254,0.297590898,2.216538254,0.43805044,0.461668931,0.450848849,1.29937384,0.361922001,0.508566228,0.640109534,2.366256532,0.749789635
938,0.551451205,1.294410228,1.188510805,10.41031643,57.9843692,4.79584517,11.33484515,0.308191652,2.167490714,0.43207294,0.444827592,0.437265932,1.372482857,0.288131495,0.483430298,0.716487658,2.143279083,0.826367173
988,0.532761886,1.029686982,1.204929362,9.778379161,58.07960841,4.994245214,12.02765537,0.374586972,2.073893465,0.403404037,0.452914885,0.42272577,1.466443394,0.246917483,0.46677105,0.828867858,1.898750596,0.913491485
1038,0.5088968,0.774978884,1.218306885,9.308017601,57.96871087,5.18613545,12.63444709,0.446146553,2.005316825,0.374735134,0.466990145,0.403671108,1.542009542,0.249779736,0.45561245,0.945414665,1.772571015,0.980910382
1088,0.474033209,0.541552975,1.225222215,9.181004427,57.41977272,5.364192342,13.05844951,0.528680188,1.989908981,0.346066231,0.493789838,0.375023134,1.578487616,0.346304051,0.456142726,1.070815511,1.897882861,1.00645527
1138,0.439169617,0.308127066,1.232137545,9.053991253,56.87083457,5.542249234,13.48245194,0.611213823,1.974501137,0.317397328,0.520589531,0.346375159,1.61496569,0.442828366,0.456673003,1.196216357,2.023194707,1.032000158
1188,0.404306025,0.074701157,1.239052875,8.926978079,56.32189641,5.720306126,13.90645436,0.693747458,1.959093293,0.288728425,0.547389223,0.317727184,1.651443764,0.539352682,0.457203279,1.321617202,2.148506553,1.057545046
1238,0.369442434,-0.158724752,1.245968204,8.799964904,55.77295826,5.898363018,14.33045679,0.776281093,1.943685449,0.260059522,0.574188916,0.289079209,1.687921839,0.635876997,0.457733555,1.447018048,2.273818399,1.083089934
1288,0.334469325,-0.14980811,1.252883534,8.878558113,55.35631905,5.812004555,14.401763,0.858814728,1.928277606,0.23139062,0.600988609,0.238360589,1.636241054,0.732401312,0.458317926,1.572418894,2.421200345,1.108634823
1338,0.258471211,-0.016048335,1.16281257,8.750436557,55.37139978,5.702021896,14.11908465,0.880557237,1.971915787,0.255216027,0.568214006,0.219019127,1.624311182,0.744882472,0.501677047,1.582555423,2.643316401,1.101741718
1388,0.353798316,0.117711441,1.205787139,9.145476898,54.01831169,5.268099956,15.07694632,0.693145429,1.824167665,0.30374464,0.404045793,0.543018005,1.712778162,0.675057446,0.68014592,1.137973877,2.712306851,1.020778275
1438,0.280693177,0.251471216,1.175696317,8.830335665,53.92951701,5.179048233,15.13365727,0.636019048,1.736640552,0.352273252,0.250626646,0.676546328,1.797638776,0.59731321,0.879513236,0.721343561,2.867377804,0.932674251
1488,-0.083386891,0.385230991,0.980796737,7.341930775,56.06847246,5.680412706,13.51227214,0.817274715,1.813846894,0.400801865,0.152429402,0.437749306,1.853666552,0.526674396,1.059261058,0.501244417,3.205533601,0.859116922
1538,-0.218670142,0.518990766,0.934654039,7.14806879,56.10174241,5.511037998,13.4887591,0.841261989,2.03551604,0.43181219,0.129080909,0.370141254,1.867728481,0.596514434,1.064209954,0.455930703,3.15208383,0.851489987
1588,-0.197030689,0.652750541,1.02491322,7.901235393,54.92741695,4.992713544,14.29417562,0.782726155,2.325522016,0.431678893,0.160026608,0.357041956,1.798490713,0.765115585,0.945431416,0.560328638,2.799029514,0.88230239
1638,-0.078963194,0.871342944,1.1362422,8.22896138,54.4239807,4.549736841,14.51082123,0.718084771,2.398217496,0.431545597,0.18615575,0.348325774,1.737134389,0.804025121,0.812442502,0.564164514,2.81151201,0.873674194
1688,0.111611285,1.166207591,1.270396793,8.135636097,54.70935151,4.186896338,14.00672138,0.646829043,2.235493271,0.4314123,0.207066955,0.333707935,1.675956208,0.702435406,0.68470032,0.459058159,3.211232705,0.822318685
1738,0.302185764,1.461072238,1.404551387,8.042310813,54.99472232,3.824055836,13.50262154,0.575573314,2.072769045,0.431279003,0.22797816,0.319090096,1.614778027,0.600845691,0.556958138,0.353951804,3.610953399,0.770963175
1788,0.67323883,1.685730695,1.308297113,7.70685298,54.62678321,3.845182544,14.07584892,0.516977941,1.951703624,0.431145707,0.21643871,0.311144201,1.916867694,0.486821152,0.362003973,0.367156854,3.855612921,0.79280806
1838,1.044291897,1.910389153,1.212042839,7.371395146,54.25884409,3.866309253,14.64907631,0.458382567,1.830638202,0.43101241,0.20489926,0.303198306,2.218957361,0.372796613,0.167049807,0.380361904,4.100272443,0.814652946
1888,1.283280888,1.915738673,1.156707955,7.452386899,54.09692942,4.078644094,14.75112284,0.467708553,1.748034682,0.430879113,0.182379439,0.233869131,2.331148381,0.297698832,0.155883161,0.39357083,3.969934731,0.834516825
1938,1.48978024,1.944654781,1.131641582,7.850849426,53.88828816,4.161998212,14.65618159,0.589899435,1.753364119,0.413914573,0.166169291,0.231850462,2.063480656,0.309315759,0.198109348,0.416460093,3.590396195,0.843755833
1988,1.725592487,1.97357089,0.914978026,7.696804182,53.86884603,4.037660982,14.75987724,0.722830961,1.599307101,0.308586,0.277140469,0.406565457,1.730163631,0.442746491,0.26181122,0.490137938,3.407839167,0.814183146
2038,1.921354497,1.993855695,0.740404299,7.568377428,54.06011768,3.86794808,14.85821432,0.847896002,1.449540633,0.222216571,0.353940698,0.538487703,1.446579364,0.539219158,0.312775937,0.542398473,3.192567959,0.783308207
2088,1.913229496,1.968826161,0.760263727,7.47704804,55.34239522,3.470962004,14.97137167,0.906853651,1.298476836,0.222216571,0.278065251,0.472171836,1.425931295,0.467025924,0.296870585,0.499641169,2.8281955,0.737655532
2138,1.905104495,1.943796626,0.780123155,7.385718653,56.62467276,3.073975927,15.08452902,0.965811301,1.14741304,0.222216571,0.202189805,0.405855969,1.405283226,0.394832691,0.280965233,0.456883865,2.463823042,0.692002857
2188,1.902125495,1.778009871,0.869779383,6.996168913,57.24020083,3.149892901,14.7110464,0.782842626,1.184802583,0.255370321,0.323007211,0.509644061,1.46189677,0.380784417,0.302678259,0.565799882,2.573445885,0.560442001
2238,1.91802587,1.594631179,0.997565909,6.737024683,56.71628272,3.514128868,14.15513719,0.64102401,1.365727095,0.293045038,0.50003993,0.662573314,1.481084629,0.36395597,0.369850657,0.723316707,3.109693576,0.446586772
2288,1.970176785,1.424933523,1.039375769,6.71651011,55.05019337,4.275285939,13.73948323,0.615179908,1.624420313,0.330384251,0.609079835,0.797615186,1.401485847,0.313102299,0.489656456,0.849567177,3.919031802,0.387003769
2338,2.061305351,1.254584597,0.843599914,6.789337878,53.74293955,5.252415176,13.871217,0.631293361,1.752794657,0.367072195,0.513514302,0.849843166,1.238421901,0.22265727,0.608159715,0.846150043,4.394748257,0.353827526
2388,2.036339684,1.227295646,0.647824059,6.671960242,52.38266725,6.204699734,14.08381791,0.647406815,1.869174723,0.403760138,0.41794877,0.867889328,1.087780019,0.132212241,0.718492868,0.84273291,4.842535219,0.32397358
2438,1.743896061,1.62760477,0.645330646,6.617274274,50.93968369,6.446195715,14.79014905,0.600762498,1.871058247,0.420316028,0.213017893,0.761715518,1.150022534,0.161052558,0.688445548,0.813746247,4.953942342,0.256388668
2488,1.512449747,1.986430704,0.850271936,6.986833318,49.39937974,6.08511607,15.50669457,0.524657045,1.855659086,0.404024884,0.041478636,0.70423023,1.33069508,0.283308435,0.5481498,0.813529537,5.154242187,0.168124509
2538,1.279575607,2.345256638,0.711172079,6.806187842,50.11508951,5.710431767,15.49492112,0.378450256,1.808908389,0.38773374,0.222004245,0.689152764,1.24269058,0.326365271,0.449459502,0.629274507,4.897225015,0.120663429
2588,1.046506764,2.704082572,0.52515752,6.550514476,51.13843752,5.333892283,15.38383145,0.222684195,1.757882482,0.371442596,0.450538698,0.679858183,1.118048302,0.358622236,0.356442674,0.419923344,4.577846433,0.078766405
2638,0.691533319,3.062908506,0.428528474,6.27558451,48.54526317,5.691495666,16.69553653,0.333746494,1.832451316,0.355151452,0.395558613,0.644925741,1.301559403,0.368907341,0.333031568,0.384203275,4.773721237,0.036869381
2688,0.354183552,3.349538551,0.351520638,6.045291983,45.21467414,6.220456425,18.31195936,0.503380872,1.934589726,0.338860308,0.27834363,0.609034015,1.552713929,0.374369355,0.333449198,0.386597349,5.072929634,0.01098886
2738,0.37481417,3.106732076,0.319921595,6.096851868,43.31859813,6.570753062,19.40446739,0.593695069,1.992235698,0.322569164,0.231796048,0.614226981,1.713967223,0.369646375,0.360326942,0.379786493,5.332809417,0.102562692
2788,0.495176576,2.900479279,0.460440304,5.796586544,44.71242974,6.323501858,18.96132849,0.524890958,1.962221494,0.299886887,0.401717785,0.592909599,1.521322528,0.300232334,0.309931578,0.314365306,5.677449199,0.229770551
2838,0.613580333,2.71663035,0.618318421,5.42913747,46.14200527,6.202007932,18.48561815,0.512512107,1.964833692,0.273287464,0.567158718,0.542051477,1.28625834,0.210936581,0.282503739,0.230887142,6.011302337,0.37881862
2888,0.729406312,2.535288126,0.769661061,5.070253574,47.53554645,6.104388129,18.03300656,0.507798938,1.969845032,0.24668804,0.720936364,0.49617902,1.066395532,0.130500953,0.256388163,0.152465717,6.299942662,0.529120042
2938,0.779001594,2.411823727,0.763329477,4.927058457,48.05567309,6.564389004,18.14680213,0.672576493,2.032447003,0.224815602,0.593340442,0.579261345,1.21858377,0.264681117,0.266964952,0.203405322,5.481924349,0.703636202
2988,0.737138126,2.453568651,0.747535506,4.856385115,48.43467015,6.864243766,18.2094378,0.670769228,2.095178283,0.276185539,0.449015845,0.789510415,1.494238739,0.421548505,0.335675289,0.34633691,4.438177273,0.741292178
3038,0.657176755,2.672050533,0.731741536,4.745179261,48.77458401,7.17930503,18.09707058,0.668961963,2.157909562,0.344985058,0.304691249,1.018433636,1.80724198,0.578415893,0.402867931,0.489268497,3.414838847,0.714882623
3088,0.601401951,2.804803089,0.775876515,4.827099448,49.07458301,6.972662711,17.77399781,0.579644801,2.309562004,0.413784576,0.287346833,1.192400313,1.81663144,0.571652543,0.494247141,0.588093723,3.180590342,0.645608405
3138,0.553265011,2.910483227,0.838936427,4.970006807,49.36197731,6.601271893,17.38438644,0.462692936,2.489294813,0.482584095,0.310101422,1.349012292,1.730142865,0.513216328,0.593264214,0.672990624,3.195528129,0.562797977
3188,0.505128071,3.016163364,0.901996339,5.112914165,49.64937161,6.229881074,16.99477507,0.345741071,2.669027622,0.551383614,0.332856011,1.505624271,1.643654289,0.454780112,0.692281287,0.757887525,3.210465916,0.479987549
3238,0.456991131,3.121843501,0.96505625,5.255821524,49.93676591,5.858490256,16.60516369,0.228789205,2.848760431,0.620183133,0.355610599,1.662236251,1.557165714,0.396343897,0.79129836,0.842784425,3.225403703,0.397177122
3288,0.573364209,3.337732944,1.042245064,5.365021751,49.22492421,5.670780189,16.35097344,0.370252566,2.81156561,0.539967552,0.343198657,1.596454098,1.668134759,0.457813187,0.653744136,0.832835806,3.619247305,0.334428437
3338,0.759488677,3.790567714,0.92845403,4.916087494,47.94731303,6.005835587,16.48950805,0.52437236,2.751537049,0.444443738,0.367796082,1.53711185,1.817513695,0.557538793,0.507076515,0.823731092,4.070331684,0.265724578
3388,0.902033527,4.358803368,0.48238255,3.618854708,46.61000735,7.104399565,17.2306971,0.532756294,2.815951513,0.444443738,0.493851972,1.668119454,1.925742939,0.6276272,0.546576457,0.88469528,4.252949115,0.172263585
3438,1.034752025,4.834852999,0.208734738,3.024537857,46.29713316,7.444414618,17.22067763,0.504917327,2.846420197,0.486740255,0.523925345,1.719044507,1.973586095,0.649389232,0.5158202,0.908655001,4.363902311,0.143028933
3488,1.155935241,5.202684254,0.137497319,3.255383188,47.18685248,6.893959192,16.32880468,0.434555824,2.837039486,0.578689205,0.441323589,1.675959611,1.950541235,0.614420303,0.402589275,0.889174695,4.390727925,0.189190421
3538,1.248324891,5.559443469,0.148894164,3.362141853,48.20991699,6.568669878,15.17317129,0.455796967,2.826284738,0.612650995,0.363795899,1.566284259,1.901477606,0.532174008,0.327220434,0.836231895,4.510847817,0.203280963
3588,1.2213307,5.408983587,0.300153803,3.012747986,50.05935053,6.366494924,14.08772428,0.630550538,2.794890711,0.510779612,0.294916874,1.357867691,1.799803337,0.419945286,0.359990282,0.740923298,4.67837129,0.191746109
3638,1.178463896,5.129860119,0.451413443,2.652780605,52.0991977,6.087255596,13.07030488,0.805304109,2.763496683,0.403090765,0.22603785,1.143218258,1.68566335,0.307716563,0.400200584,0.645614701,4.822075983,0.189368747
3688,1.08280948,4.879443412,0.32316802,2.974091423,52.34823865,5.596275969,13.22834443,0.766662238,2.992448393,0.362999226,0.188218321,0.936852467,1.581058475,0.3028773,0.396556001,0.57548433,5.160844891,0.224470013
3738,0.978561732,4.719931448,0.149421772,3.230696083,52.60562523,4.653792983,14.20374568,0.560870699,3.286519674,0.333911901,0.133208713,0.90207811,1.538084163,0.423464474,0.341546392,0.615710401,5.327383149,0.350217229
3788,0.893562491,4.510922702,0,3.446071792,52.65343876,3.888611509,15.04540315,0.53067973,3.371223093,0.304824575,0.170944687,0.819724718,1.513897218,0.536832998,0.359195322,0.654200884,5.440972753,0.375754709
3838,0.926804077,4.248292441,0,3.318339718,54.11595192,3.559385248,15.08388221,0.681620008,2.774261638,0.27573725,0.329624545,0.70535611,1.518226268,0.509140427,0.476027172,0.632480341,5.171320803,0.286578398
3888,0.960045664,3.992779364,0,3.166360235,55.50805566,3.355673009,15.21445536,0.781415025,2.184957082,0.246649924,0.449576582,0.619408482,1.525157754,0.469324089,0.580195665,0.599667452,4.892195402,0.211636456
3938,0.982545664,3.757743917,0,2.920497964,56.44306115,3.911794797,15.87455933,0.612697423,1.635851248,0.232958669,0.366207562,0.687657301,1.567233731,0.365857972,0.622916767,0.508619753,4.502339096,0.211424951
3988,0.890313351,3.458391373,0.048685492,2.572935347,55.66223668,4.984103495,16.71322426,0.708436586,1.487318336,0.300096786,0.271202256,0.83645755,1.751206725,0.298110414,0.631751057,0.511629597,4.240211661,0.182905114
4038,0.795650246,3.16005311,0.123341215,2.469535189,55.75090247,5.22930134,16.71385394,0.87966818,1.545719108,0.367234903,0.300488647,0.82539214,1.873407227,0.326624604,0.608765068,0.531769771,4.208947391,0.225030771
4088,0.700987141,2.861714846,0.210330526,2.497864296,56.31446261,5.048700721,16.28412362,1.084113345,1.702123925,0.43437302,0.394053864,0.730804587,1.963160527,0.403961494,0.5706816,0.558715747,4.286997454,0.30415719
4138,0.60962742,2.557141249,0.29215951,2.575255279,56.80863369,4.909889988,15.90980754,1.256599901,1.884427654,0.516131822,0.479175013,0.638015261,2.031236798,0.492635328,0.536624733,0.582729771,4.304453324,0.387310211
4188,0.542492504,2.206841865,0.26867412,2.524063604,54.91718085,5.918811701,17.10970757,1.105573036,2.336156352,0.705108978,0.36742905,0.640193559,1.955212064,0.499128249,0.673763115,0.53010613,4.064704625,0.331589321
4238,0.475357588,1.856542481,0.242377399,2.45252319,52.94752922,6.962786469,18.35826781,0.950831575,2.791197533,0.894086133,0.250060422,0.645779383,1.879806659,0.4987329,0.816804282,0.475185127,3.832753962,0.268851666
4288,0.326828655,1.901627541,0.218801321,2.320269474,50.85735904,7.637156336,19.08020849,0.801362926,3.311564459,1.046808705,0.138133082,0.696306225,1.710466829,0.506357496,0.906891526,0.420069156,3.896458654,0.282062486
4338,0.108964078,2.295759453,0.218843619,2.406134344,50.86036747,7.085858845,17.72842895,0.721496578,3.6802958,1.005764179,0.084773319,0.904362162,1.566795297,0.520935165,0.858733923,0.52283989,4.098887999,0.442131194
4388,-0.1089005,2.704257577,0.209883138,2.403886688,52.64368175,5.779795963,15.56429057,0.652154331,3.749771068,0.773508512,0.026709402,1.08454772,1.448014076,0.435405874,0.806074931,0.813587946,4.384534539,0.597698513
4438,-0.326765077,3.136794162,0.159465021,2.290504695,53.41511616,4.879425667,13.69331691,0.624095528,4.191494106,0.73878629,0,1.202546823,1.418593223,0.46397218,0.852879428,0.815874464,4.985816532,0.804652398
4488,-0.382646354,3.434987582,0.073731139,2.013208848,53.46273723,4.632887938,12.99163339,0.677576495,4.716415056,0.841449765,0.046526644,1.041648874,1.533824497,0.534055391,0.952381229,0.558011653,5.593239103,0.906305036
4538,-0.248373321,3.564475492,0,1.796195103,53.28581079,4.52438257,12.79616547,0.740545275,5.114171866,0.878962737,0.108577743,0.882612808,1.736590552,0.575249505,1.054482846,0.339186252,5.992441042,0.874224863
4588,-0.114100289,3.774067143,0,1.760905559,52.12366551,4.318337214,13.4141923,0.855982895,5.240597042,0.738972202,0.260160571,0.953549087,1.853593836,0.445961773,0.907558823,0.361970189,6.213809351,0.701506753
4638,0.020172744,3.983658795,0,1.725616015,50.96152022,4.112291859,14.03221914,0.971420515,5.367022217,0.598981668,0.411743398,1.024485366,1.970597119,0.316674041,0.760634801,0.384754126,6.43517766,0.528788643
4688,0.154445777,4.171513075,0.021191804,1.689305695,49.98273954,3.811282213,14.53747282,1.028297219,5.556191989,0.476278122,0.527987791,1.113221891,2.060700884,0.23092315,0.697347853,0.421985753,6.548506322,0.367849325
4738,0.288718809,4.245246157,0.112692772,1.700847847,49.5555398,3.752065939,14.83310358,0.997303886,5.56183244,0.444331272,0.467409273,1.08783464,2.192297056,0.334572798,0.781640914,0.409652324,6.327453189,0.268484644
4788,0.422991842,4.318979239,0.20419374,1.712389999,49.12834005,3.692849664,15.12873434,0.966310553,5.567472891,0.412384421,0.406830756,1.06244739,2.323893227,0.438222446,0.865933975,0.397318896,6.106400056,0.169119964
4838,0.449549673,4.206995733,0.27984577,1.56277298,49.12738771,3.977952502,15.0792778,0.925495394,5.850784491,0.421425844,0.367872403,1.125534731,2.46688021,0.515561613,1.010928485,0.405979132,5.727305822,0.140027358
4888,0.481263085,4.08854706,0.272290872,1.254452265,49.17285438,4.218448361,14.9342405,0.83311565,6.804312984,0.360318705,0.442419914,1.211233499,2.533500552,0.454770757,1.221710261,0.524856103,5.028450904,0.150640003
4938,0.512976498,4.05193982,0.252051357,0.845427052,49.84403821,5.127202982,13.64106527,0.827521336,6.831999777,0.299211566,0.535643251,1.233766661,2.841028917,0.438024962,1.383315739,0.796293494,4.893510944,0.175499439
4988,0.54468991,4.061368386,0.224676744,0.379755561,50.86718793,6.411853158,11.70206245,0.870743828,6.338900613,0.238104427,0.639371739,1.220769168,3.284068044,0.446054513,1.517259549,1.15354612,5.075773148,0.208372694
5038,0.530885863,3.839747848,0.170382831,0.478495397,50.77361986,5.971579428,11.14718093,0.821877265,6.879047966,0.222216571,0.67136096,1.605884772,3.032275861,0.363829724,1.649505051,1.077151043,5.547788378,0.212036286
5088,0.501089195,3.716692323,0.120652273,0.810393284,50.48345208,5.07856961,10.85462168,0.759803001,7.515578793,0.222216571,0.685683829,1.93952773,2.566151841,0.282259047,1.620239179,0.933376269,6.326571654,0.303272237
5138,0.471292528,3.633189274,0.142417763,0.832656297,50.43797769,4.812298451,11.06908403,0.60189802,8.040733283,0.222216571,0.571257815,2.161540957,2.398596647,0.208297272,1.358784807,0.902992583,6.554124086,0.394508188
5188,0.444475527,3.574161763,0.184294535,0.758299699,50.38426051,4.780413863,11.53394788,0.419789963,8.561379158,0.222216571,0.424153377,2.344463065,2.342377694,0.147217151,1.024074365,0.917422225,6.484083287,0.491703472
5238,0.444475527,3.622126764,0.184031804,0.760719561,49.71677849,4.931635133,12.54249952,0.328324995,9.277194588,0.222216571,0.38937579,2.41809787,2.375420471,0.240819033,0.790577101,0.982703999,5.491664152,0.670653254
5288,0.444475527,3.615552853,0.132490293,0.910483598,49.6368328,4.635003778,12.81473197,0.329713732,9.677067152,0.236160236,0.458779115,2.329447466,2.243376483,0.489664299,0.841944325,0.970332714,4.986028788,0.873647513
5338,0.444475527,3.334462593,0.080948781,0.938240906,50.53728111,3.946212489,12.85166657,0.331102468,9.508987961,0.323308145,0.528182441,2.397663682,2.111332496,0.738509565,1.030566042,0.957961428,4.480395294,0.823248571
5388,0.444475527,3.053372333,0.02940727,0.965998215,51.43772942,3.2574212,12.88860116,0.332491204,9.340908771,0.410456054,0.597585766,2.465879897,1.979288508,0.98735483,1.21918776,0.945590142,3.974761799,0.772849629
5438,0.444475527,2.751267494,0.012703252,0.848495212,52.67714959,2.693164568,12.66927142,0.288657764,9.000785125,0.497603962,0.647751477,2.548581621,1.843487135,1.059535384,1.375373133,0.910626992,3.976509135,0.724100049
5488,0.444475527,2.420297143,0.070445307,0.640571419,55.13070629,2.338272902,11.78891559,0.221528051,8.455417089,0.584751871,0.636337542,2.643435547,1.746554789,0.789602155,1.416480429,0.795488918,4.043964963,0.589763785
5538,0.438652704,2.121729614,0.128187362,0.438457332,57.46865871,2.036664016,10.90512293,0.154398339,7.94071998,0.666670905,0.624923607,2.733005125,1.673939519,0.519668926,1.455136753,0.680350844,4.123579226,0.464477279
5588,0.341605645,2.330806299,0.185929416,0.327361966,57.99547749,2.569818701,9.967486541,0.087268626,7.90653407,0.666670905,0.613509671,2.739786587,1.982291774,0.249735697,1.455394498,0.56521277,4.393675621,0.4809703
5638,0.244558587,2.606031678,0.174097028,0.248404765,56.85331481,3.231068333,9.672705509,0.020138914,8.29172837,0.666670905,0.674776945,2.861345687,2.314022317,0.137772209,1.461865776,0.533490862,4.773354255,0.52006492
5688,0.147511529,3.015718625,0.132447021,0.308980766,54.22119574,3.810374115,9.550142097,0,8.758251017,0.800126255,0.697294171,2.952445644,2.739426823,0.184985953,1.696382168,0.495990211,5.600834821,0.495990211
5738,0.05046447,3.470882197,0.090797015,0.423453784,51.25707155,4.331033459,9.383310764,0,9.182599654,0.990776754,0.689854623,3.009410076,3.200683342,0.27140366,2.02749092,0.44069162,6.600103151,0.44069162
5788,0,3.547441069,0.049147008,0.403215221,49.36533148,4.611334645,9.309980447,0.113898305,9.621294486,0.921117744,0.683865032,2.869879549,3.217179102,0.416587322,2.110666857,0.432667232,7.524119967,0.470633334
5838,0,3.349701881,0.007497001,0.394975545,48.23238798,4.5000816,9.299018095,0.249491526,10.10337204,0.784929312,0.678151623,2.598013895,2.94265465,0.5729645,2.178391676,0.433647455,8.403278187,0.516811297
5888,0,3.087066504,0.027357955,0.581789558,48.11969849,4.174323117,9.491411356,0.324408801,10.02986371,0.667977166,0.663820407,2.441699534,2.684079095,0.636066015,2.102648798,0.49881232,8.863368192,0.516640325
5938,0,2.79339186,0.060721316,1.120815676,49.59532279,3.750135974,9.671766814,0.281543361,9.576399308,0.588366047,0.653440196,2.440658331,2.441893448,0.55199346,1.907675232,0.601104143,8.34428079,0.456784172
5988,0,2.499717216,0.094084676,1.659841793,51.0709471,3.325948832,9.852122272,0.23867792,9.122934903,0.508754928,0.643059985,2.439617129,2.199707802,0.467920905,1.712701667,0.703395967,7.825193389,0.396928019
6038,0,2.247714247,0.127448037,1.866815258,51.2716496,2.8666462,10.14892258,0.216711522,9.044206108,0.449979646,0.68897873,2.361662351,2.034783359,0.443298988,1.689745047,0.820346673,7.770614724,0.535096881
6088,0,2.439891084,0.160811397,1.877162769,50.34514117,2.666404794,10.15084095,0.214036548,8.754989204,0.444443738,0.786865741,2.537283941,2.355161127,0.473554583,1.76181311,0.950828655,7.937821897,0.856058064
6138,0,2.69811433,0.194174757,1.905398404,49.42671368,2.513612893,10.08725731,0.211361574,8.375195897,0.444443738,0.884752752,2.76574308,2.74293167,0.503810178,1.823501607,1.081310637,8.071332785,1.177019247
6188,0,2.955697959,0.191338695,1.929336834,49.24505381,2.414975363,9.710142141,0.26637098,8.00383004,0.484920629,0.848546943,2.999073136,3.149417574,0.576204555,1.924056772,1.097939805,7.851428119,1.33287481
6238,0,3.222504402,0.168140458,2.03929658,49.88364242,2.343926707,9.079087281,0.354764331,7.535002039,0.576913564,0.687441947,3.335805731,3.547579647,0.672224864,1.946985106,1.011105625,7.220370123,1.280781975
6288,0,3.338099545,0.144942221,2.061765386,50.38260672,2.272878051,8.696683187,0.443157681,7.165985982,0.668906499,0.52633695,3.588169606,3.779974103,0.768245172,1.969913441,0.924271445,6.789842025,1.22868914
6338,0,3.064865631,0.121743984,1.859257487,50.52253707,2.201829395,8.95366678,0.531551032,7.053629212,0.760899434,0.365231953,3.623585345,3.586108972,0.864265481,1.992841776,0.837437265,6.874962233,1.176596305
6388,0,2.774349506,0.100278857,1.586214342,49.46459744,2.477040601,9.923821237,0.633787124,6.874007765,0.709873307,0.439025526,3.353894155,3.547678465,0.882185608,2.264813531,0.852223801,7.672546369,1.064018743
6438,0,2.62695158,0.098744493,1.436230407,49.4931395,2.851165188,10.60305241,1.186927308,6.151924602,0.658847179,0.613963417,3.512935714,3.376880312,0.62660402,2.072239108,1.0066539,7.738855266,1.054076007
6488,0,2.479553654,0.097210128,1.286246471,49.52168157,3.225289774,11.28228359,1.740067492,5.429841439,0.607821051,0.788901308,3.671977273,3.20608216,0.371022432,1.879664685,1.161084,7.805164163,1.04413327
6538,0,2.193346592,0.068999206,1.20154813,48.68327027,3.514085314,11.85997187,1.447383796,5.133175815,0.574262144,0.868904325,3.634617779,3.253232551,0.465596581,1.988208621,1.138006646,8.755482089,0.868633569
6588,0,2.078649052,0.038468584,1.408172617,47.8641813,3.821606747,11.43970469,1.153672398,5.402800767,0.669211381,0.79498321,4.190424376,3.643968011,0.591306527,1.905522979,1.075340779,8.72679138,0.776967577
6638,0,1.963957248,0.007937962,1.622523034,47.05756396,4.112113987,10.9992261,0.864590076,5.698742528,0.767284144,0.711764079,4.76170578,4.022360226,0.717060355,1.808959861,1.011133225,8.688825891,0.691571584
6688,0,1.874813149,0.022508958,1.929696922,46.38798415,4.319368896,10.75230934,0.987332409,6.031801063,0.865356907,0.675644496,5.169019052,4.387647218,0.712127492,1.805303917,0.976301831,8.185908847,0.718971487
6738,0,1.794645271,0.052926469,2.269484462,45.76655266,4.497372985,10.5734008,1.25476989,6.377900627,0.96342967,0.656073404,5.5187219,4.748329671,0.661277684,1.834291034,0.951791792,7.519630446,0.786002382
6788,0.10457749,1.985180423,0.083343979,2.442260236,46.53222374,4.137791733,10.33088278,1.482517182,6.313195217,0.964544499,0.597901475,5.410029726,4.689657217,0.661827246,2.006211209,0.975934518,7.132256977,0.863913831
6838,0.278873308,2.444725763,0.081668812,2.312253905,47.9887962,3.560847761,10.01379871,1.372969222,5.819239006,0.895774566,0.514293393,5.326174045,4.316433437,0.753982856,2.334969802,1.075390959,7.090072325,0.904276324
6888,0.453169125,2.966796197,0.058598526,2.066904846,48.98728219,3.104354142,9.824506491,1.067222898,5.296539098,0.827004633,0.441606258,5.498165104,3.936821587,0.870087399,2.678674427,1.189918437,7.203012974,0.911748001
6938,0.627464943,3.488866632,0.03552824,1.821555787,49.98576819,2.647860524,9.635214274,0.761476574,4.77383919,0.758234699,0.368919123,5.670156163,3.557209737,0.986191942,3.022379051,1.304445914,7.315953624,0.919219679
6988,0.80176076,4.010937066,0.012457954,1.576206729,50.98425419,2.191366905,9.445922058,0.45573025,4.251139282,0.689464766,0.296231989,5.842147223,3.177597888,1.102296484,3.366083676,1.418973391,7.428894273,0.926691356
7038,0.809541823,4.185353147,0,1.482669374,51.41852431,2.168881668,10.02014089,0.433157205,4.044850821,0.842715396,0.466864782,5.83752918,3.146510691,0.923033257,3.324238409,1.185523426,7.379392346,0.54099205
7088,0.650808132,3.971891812,0,1.555232343,52.47514925,2.145348422,10.03679005,0.701981695,3.955303689,0.947731382,0.600134076,5.543620058,3.253995133,0.75963059,3.052445615,0.915254346,7.039106209,0.263168053
7138,0.492074442,3.758430477,0,1.798884322,52.82039549,1.80914225,9.38440381,0.929832599,3.968683074,0.689743668,0.461150595,5.430710571,3.441817661,0.92047178,2.756733305,0.88617508,7.147696218,0.547457113
7188,0.333340751,3.544969141,0,2.042536301,53.16564173,1.472936078,8.732017571,1.157683502,3.982062459,0.431755955,0.322167114,5.317801085,3.629640189,1.081312971,2.461020995,0.857095814,7.256286226,0.831746172
7238,0.17460706,3.38166405,0.009484315,1.909902989,53.19227517,1.42810303,8.603687874,1.319697345,3.592646383,0.309520101,0.329202368,5.343406499,3.890666491,1.040427326,2.446870623,0.769686589,7.306240324,0.747284583
7288,0.015873369,3.254678997,0.025836582,1.667017091,52.87015217,1.54077776,8.659579836,1.408897313,3.069371974,0.230153255,0.375891777,5.49904217,4.181517761,0.924415953,2.562167401,0.695527722,7.404736891,0.50414175
7338,0.098046072,2.979882656,0.042188849,1.290238213,52.69417158,1.65531142,9.114101716,1.503610828,2.543458538,0.322286612,0.42160613,5.657100529,4.549766496,0.813012638,2.669576231,0.630521731,7.151365982,0.272752823
7388,0.206986152,2.688662838,0.058541116,1.357609479,51.90156202,1.79896831,10.16489939,1.684703257,2.190276285,0.465032239,0.452044596,5.783100475,4.648335429,0.773802238,2.65340721,0.708910791,6.660867601,0.225508421
7438,0.315926232,2.39744302,0.074893383,1.424980744,51.10895246,1.9426252,11.21569707,1.865795686,1.837094032,0.607777866,0.482483062,5.90910042,4.746904362,0.734591839,2.63723819,0.787299852,6.17036922,0.178264019
7488,0.424866313,2.110269001,0.09124565,1.477443085,50.55708398,2.079286062,12.05877159,2.012055821,1.508776887,0.742593338,0.493949545,6.050520799,4.811859822,0.692736832,2.60815542,0.862738682,5.673011656,0.123089461
7538,0.444475527,2.493696657,0.096608973,1.56883155,51.81561223,2.133754747,11.33533981,1.769802685,1.383899471,0.827545845,0.387397049,6.202982515,4.44947258,0.671054659,2.392342356,0.84405321,5.36780606,0.138347365
7588,0.444475527,3.023188004,0.096311325,1.681891879,53.12701218,2.141389303,10.64624019,1.458995014,1.276134035,0.914318439,0.291718832,6.345318481,4.07112534,0.669755292,2.147157635,0.788024774,5.106457208,0.197647308
7638,0.445663881,3.55010908,0.096013677,1.801342996,54.34288884,2.1525096,10.02317814,1.154551158,1.16801639,1.003570343,0.204575935,6.465131813,3.709082432,0.668376603,1.909240558,0.732911805,4.859086231,0.262991623
7688,0.475372734,4.015343629,0.095716028,2.074173014,53.26620639,2.247287639,10.98501812,1.002838877,1.051445709,1.15232568,0.322280741,6.044401946,3.73834351,0.665094159,1.845746931,0.699770054,4.947184249,0.473400868
7738,0.505081588,4.480578178,0.09541838,2.347003033,52.18952394,2.342065679,11.94685809,0.851126595,0.934875028,1.301081017,0.439985547,5.62367208,3.767604588,0.661811716,1.782253305,0.666628302,5.035282267,0.683810112
7788,0.534790441,4.84292224,0.095120732,2.642085859,51.35292109,2.377968866,12.82653137,0.699414313,0.826449891,1.404474045,0.557690353,5.089963592,3.784760355,0.658529272,1.744115364,0.633486551,5.206463051,0.851951749
7838,0.530859731,4.83124373,0.114301711,2.958801983,52.14705795,2.133226791,12.92528884,0.600466167,0.763903369,1.328263662,0.558990862,4.357452595,3.713707786,0.676523475,1.774396975,0.631446855,5.478374713,0.735677252
7888,0.508006767,4.699470591,0.162857267,3.458418252,53.31095179,1.882742301,12.58415771,0.560715742,0.747754456,1.241493239,0.564215657,3.742135975,3.51763729,0.591582488,1.847497266,0.658709224,5.623636425,0.543713737
7938,0.485153803,4.567697452,0.211412822,3.95803452,54.47484564,1.632257811,12.24302658,0.520965317,0.731605544,1.154722817,0.569440452,3.126819355,3.321566794,0.506641501,1.920597557,0.685971592,5.768898138,0.351750222
7988,0.462300839,4.435924312,0.259968378,4.457650789,55.63873948,1.381773321,11.90189545,0.481214892,0.715456631,1.067952394,0.574665247,2.511502735,3.125496298,0.421700514,1.993697848,0.713233961,5.91415985,0.159786707
8038,0.453999094,4.313284476,0.298326468,4.877538309,56.63991766,1.197754391,11.55248495,0.415692088,0.719140997,0.981707874,0.604820666,2.08190077,2.914645412,0.336169356,2.076537309,0.724189085,6.041656991,0.004994914
8088,0.533362155,4.181745794,0.370813516,4.339551437,56.09581418,1.457016633,12.22348708,0.353231908,0.672086907,0.918902604,0.920873086,2.641531009,2.972573849,0.411999496,2.21208308,0.815360223,5.810231619,0.077827889
8138,0.612725216,4.068655352,0.422461302,3.741108578,55.84754225,1.73074579,12.72267848,0.306145261,0.644286106,0.856097334,1.116473729,3.154615065,2.933375137,0.512198451,2.309174158,0.999542691,5.671742193,0.135146937
8188,0.692088277,3.95556491,0.371886621,3.275587104,57.01866986,1.956146477,12.37359768,0.259058613,0.760040713,0.793292063,0.828828324,3.450186979,2.404041553,0.605304297,2.25683331,1.407104695,5.791991146,0.117496944
8238,0.771451338,3.842474467,0.321311941,2.81006563,58.18979747,2.181547163,12.02451688,0.211971966,0.87579532,0.730486793,0.541182919,3.745758893,1.874707969,0.698410142,2.204492462,1.814666699,5.9122401,0.099846952
8288,0.850814399,3.513292941,0.310932909,3.017198621,59.55294532,1.822836329,12.26629939,0.380517499,0.926409442,0.68571804,0.475730907,3.24486653,1.987289994,0.674792048,2.20794499,1.421696281,5.270829538,0.100059909
8338,0.930179428,3.241694407,0.308103227,3.288571056,60.80674616,1.515611314,12.1198745,0.585730693,0.988625325,0.666670905,0.419664709,2.675311537,2.427766585,0.613997942,2.239581868,0.922025867,4.54553478,0.093064885
8388,1.009546274,3.147294031,0.309749655,3.796502948,59.80035108,1.663534509,12.00195865,0.648282647,1.034208149,0.666670905,0.434792516,3.001273205,2.859122539,0.549190721,2.479366473,0.60557648,4.18570942,0.125042861
8438,1.088913119,2.929303935,0.284389963,4.466743735,58.36965556,2.068718147,12.56293454,0.5067155,1.042608169,0.666670905,0.448655926,3.404949673,2.970526798,0.378822056,2.682853697,0.662972269,4.083511596,0.164265964
8488,1.168279965,2.711313839,0.25903027,5.136984522,56.93896004,2.473901785,13.12391043,0.365148354,1.051008188,0.666670905,0.462519337,3.80862614,3.081931058,0.208453391,2.886340921,0.720368059,3.981313772,0.203489066
8538,1.24764681,2.606630715,0.26265396,4.388677793,56.63543841,2.924437442,13.82266428,0.382905352,1.134616182,0.697698284,0.401198406,3.66395085,3.30082172,0.105610665,2.809764793,0.920549927,3.894447599,0.204809678
8588,1.327013656,2.473240749,0.294290754,3.841600885,57.40292514,3.221388855,13.23164176,0.504604758,1.21680293,0.728725662,0.34036248,3.735270387,3.403187493,0.165579047,2.728924928,0.922073844,3.587294744,0.204466542
8638,1.155585508,2.378967363,0.325927549,3.613743653,58.72143662,2.958820614,12.78007317,0.626304165,1.223456078,0.715307607,0.279526555,3.025977014,3.175620362,0.225547429,2.496299801,0.923597761,3.666193107,0.204123405
8688,0.9623491,2.313650515,0.252153912,3.93539814,60.28526426,2.620343875,11.71425682,0.744813529,1.145803262,0.645215019,0.219108619,2.494695225,2.89485329,0.336835002,2.23061884,0.741555432,3.907899594,0.178434166
8738,0.769112692,2.319065688,0.181543407,4.218092765,61.00918219,2.181025113,11.0846418,0.809360735,1.074323675,0.567921106,0.224619905,2.121357806,2.803168387,0.433918031,2.104944595,0.615600527,4.084435677,0.133126371
8788,0.575876284,2.373177136,0.123632313,4.421053966,61.10539706,1.671374105,10.83274869,0.835146901,1.014990664,0.490627194,0.277831767,1.838113127,2.850825333,0.515647445,2.082615336,0.548387102,4.201017609,0.076114864
8838,0.487442897,2.375019778,0.124529904,4.997221369,61.37286925,1.24750166,10.55035764,0.761633916,0.973463183,0.498153207,0.331248704,1.661292078,2.835316633,0.525276428,2.058260302,0.53017902,4.232414144,0.04845643
8888,0.62171593,2.303031471,0.175523782,5.758245388,61.69544408,1.023222662,10.25485516,0.603532768,0.947103375,0.665995298,0.384840336,1.764914417,2.73491067,0.473486526,2.056261151,0.553716232,4.268079213,0.045802465
8938,0.771624249,2.196163202,0.242152947,7.103753915,61.70803741,0.93447302,9.969216748,0.454182231,0.953042385,0.833837389,0.429156699,1.610294632,2.481071954,0.372209619,1.841897492,0.539792335,4.638732418,0.064449666
8988,0.926470027,2.078280208,0.31371957,8.633836498,61.62274186,0.888522122,9.686693299,0.307595044,0.969181021,1.001679481,0.47054403,1.374124704,2.178780789,0.255305237,1.560471356,0.514038615,5.115171351,0.08982355
9038,1.081315805,1.99014419,0.337838669,9.406103912,60.67722526,0.85965811,9.97616382,0.259102382,0.995871946,1.182181661,0.543172478,1.203369665,1.98281744,0.202321605,1.37693519,0.537022006,5.707263068,0.091575949
9088,1.236161583,1.916006749,0.339629522,9.821752423,59.32689877,0.838834987,10.53480797,0.256771848,1.027528653,1.368641531,0.630502628,1.063398105,1.836890711,0.179418326,1.239464893,0.582940507,6.353779623,0.082212355
9138,1.391007361,1.841869308,0.341420374,10.23740093,57.97657227,0.818011863,11.09345213,0.254441314,1.05918536,1.555101401,0.717832779,0.923426545,1.690963982,0.156515047,1.101994595,0.628859009,7.000296179,0.072848761
9188,1.369971672,1.969847322,0.325836551,9.925735664,57.02545601,0.765062129,11.70345552,0.235724128,1.056518263,1.530080685,0.753745686,1.029473026,1.783817316,0.22219472,1.178237822,0.641867276,6.906116206,0.063485167
9238,1.282832275,2.184258394,0.307424292,9.523427428,56.00549979,0.693499789,12.37535122,0.214339347,1.04826357,1.414425431,0.781288345,1.188951682,1.982455401,0.302294873,1.312691305,0.649518064,6.590986882,0.054121573
9288,1.195692878,2.398669466,0.289012033,9.121119192,54.98554358,0.621937449,13.04724692,0.192954565,1.040008876,1.298770177,0.808831003,1.348430338,2.181093485,0.382395026,1.447144789,0.657168851,6.275857559,0.044757979
9338,1.108553481,2.613080538,0.270599774,8.718810957,53.96558736,0.550375109,13.71914262,0.171569784,1.031754183,1.183114923,0.836373662,1.507908994,2.37973157,0.462495179,1.581598272,0.664819639,5.960728236,0.035394385
9388,1.021414084,2.82749161,0.252187515,8.316502721,52.94563115,0.478812769,14.39103832,0.150185003,1.023499489,1.06745967,0.86391632,1.66738765,2.578369655,0.542595332,1.716051755,0.672470427,5.645598913,0.026030791
9438,0.950675736,3.089621045,0.452596889,9.822957308,49.5007283,0.40685087,15.03387964,0.192919634,1.170632683,0.951804416,1.031930603,1.855500155,2.837930677,0.446624847,1.738554012,0.680407322,5.695988099,0.016667197
9488,0.894718529,3.320062977,0.701040279,11.75833516,45.59063792,0.34989265,15.6655286,0.249729258,1.348870311,0.855605519,1.23078012,2.041031059,3.105815676,0.312004708,1.723482154,0.688407022,5.825672618,0.007303603
9538,0.967341787,2.865038105,0.800713651,9.585055162,24.93559511,0.462287272,11.30383077,0.10203885,1.445905565,0.784316842,0.729869097,1.408859306,2.711066736,0,1.294108047,0.2040777,4.757165074,0.003899287
9588,1.039965044,2.579404294,0.671288567,8.498880697,27.08966149,0.548893483,10.91187029,0.099786739,1.251064649,0.893248265,0.825512523,1.275136265,2.807511093,0,1.33518155,0.199573479,4.767232329,0.031751337
9638,1.112588301,2.293770484,0.541863484,7.412706232,29.24372786,0.635499693,10.5199098,0.097534629,1.056223733,1.002179688,0.92115595,1.141413224,2.903955451,0,1.376255054,0.195069258,4.777299585,0.059603387
9688,1.185211558,2.008136673,0.4124384,6.326531767,31.39779424,0.722105903,10.12794932,0.095282518,0.861382817,1.111111111,1.016799376,1.007690183,3.000399809,0,1.417328557,0.190565037,4.78736684,0.087455437
9738,1.257834816,1.782637078,0.347328987,6.010347643,32.40505069,0.849950715,9.928309199,0.077351485,0.787775097,1.220042534,0.850866337,1.136978814,3.126387573,0,1.423629796,0.192626017,4.536492848,0.077351485
9788,1.330458073,1.578265722,0.304816972,5.964700665,33.00937393,0.992284766,9.796241099,0.053911641,0.756762823,1.328973957,0.593028053,1.358676952,3.262755452,0,1.417713753,0.19699369,4.193936794,0.053911641
9838,1.277515338,1.70259578,0.262304957,5.82617655,33.7933996,1.022576862,9.365192344,0.030471797,0.790698527,1.249562379,0.335189769,1.647644353,3.197325335,0,1.503334301,0.201361363,3.9708586,0.09490909
9888,1.219340687,1.840621729,0.219792942,5.683782555,34.58491288,1.048200542,8.921686063,0.007031953,0.827340396,1.162303177,0.077351485,1.93941464,3.123486968,0,1.592768873,0.205729036,3.752758649,0.138591427
9938,1.161166036,1.855177272,0.251733273,5.954968158,34.9481144,1.043969263,8.591163941,0.022843567,0.869328194,1.075043974,0.091374269,1.951428334,2.951468553,0,1.612367103,0.217467922,3.660051583,0.210103438
9988,1.102991385,1.816816927,0.315581753,6.40340216,35.12775376,1.026943002,8.309063603,0.055477235,0.913607105,0.987784771,0.221908939,1.843546344,2.737372974,0,1.602035472,0.232365901,3.621084325,0.293542452
10038,1.044816734,1.778456582,0.379430233,6.851836163,35.30739311,1.009916741,8.026963264,0.088110902,0.957886016,0.900525569,0.352443609,1.735664354,2.523277395,0,1.591703841,0.24726388,3.582117067,0.376981466
10088,0.986642083,1.740096237,0.443278713,7.300270165,35.48703246,0.992890479,7.744862925,0.12074457,1.002164927,0.813266366,0.482978279,1.627782364,2.309181816,0,1.58137221,0.262161858,3.543149808,0.460420481
10138,0.928467431,1.701735892,0.507127193,7.748704168,35.66667181,0.975864218,7.462762587,0.153378237,1.046443838,0.726007163,0.613512949,1.519900374,2.095086238,0,1.57104058,0.277059837,3.50418255,0.543859495
10188,0,0.22483178,0.570975673,5.707330487,18.11755952,0.006469979,3.421001553,0.186011905,0.391433747,0,0.744047619,0.449663561,0.244241718,0,0.510319617,0.291957816,1.094235249,0.093005953
10238,0,0.180080085,0.601295126,7.255942559,17.05889132,0.020351624,3.163119565,0.180080085,0.441566664,0,0.679617094,0.339808547,0.261486579,0.040703247,0.419672778,0.300647563,1.041319527,0.100215854
10288,0,0.150511354,0.611064531,9.518471521,15.45136837,0.053176823,2.824577133,0.150511354,0.513729999,0,0.495691771,0.247845885,0.363218645,0.106353646,0.296513151,0.305532265,0.960754504,0.101844089
10338,0,0.120942623,0.620833935,11.78100048,13.84384542,0.086002022,2.486034701,0.120942623,0.585893334,0,0.311766448,0.155883224,0.464950711,0.172004044,0.173353525,0.310416968,0.880189482,0.103472323
